game_date,surname,forename,name,role
2020-01-01,Finnie,Will,Will Finnie,Referee
2020-01-01,Simpson,Joe,Joe Simpson,Assistant referee 1
2020-01-01,Gooch,Peter,Peter Gooch,Assistant referee 2
2020-01-01,Smith,Lewis,Lewis Smith,Fourth official
2020-01-04,Scott,Graham,Graham Scott,Referee
2020-01-04,Davies,Neil,Neil Davies,Assistant referee 1
2020-01-04,Venamore,Lee,Lee Venamore,Assistant referee 2
2020-01-04,Finnie,Will,Will Finnie,Fourth official
2020-01-07,Coy,Martin,Martin Coy,Referee
2020-01-07,Mellor,Gareth,Gareth Mellor,Assistant referee 1
2020-01-07,Plowright,David,David Plowright,Assistant referee 2
2020-01-07,Bristow,Matthew,Matthew Bristow,Fourth official
2020-01-11,Young,Alan,Alan Young,Referee
2020-01-11,Tranter,Adrian,Adrian Tranter,Assistant referee 1
2020-01-11,Lee,Matthew,Matthew Lee,Assistant referee 2
2020-01-11,Walchester,Callum,Callum Walchester,Fourth official
2020-01-18,Busby,John,John Busby,Referee
2020-01-18,Rashid,Lisa,Lisa Rashid,Assistant referee 1
2020-01-18,Hendley,Andy,Andy Hendley,Assistant referee 2
2020-01-18,Smallwood,Billy,Billy Smallwood,Fourth official
2020-01-23,Harrington,Tony,Tony Harrington,Referee
2020-01-23,Long,Simon,Simon Long,Assistant referee 1
2020-01-23,Holmes,Adrian,Adrian Holmes,Assistant referee 2
2020-01-23,Brooks,John,John Brooks,Fourth official
2020-01-26,Mason,Lee,Lee Mason,Referee
2020-01-26,Bennett,Simon,Simon Bennett,Assistant referee 1
2020-01-26,Robathan,Dan,Dan Robathan,Assistant referee 2
2020-01-26,Bond,Darren,Darren Bond,Fourth official
2020-01-29,Coggins,Antony,Antony Coggins,Referee
2020-01-29,Jones,Matthew,Matthew Jones,Assistant referee 1
2020-01-29,Benton,David,David Benton,Assistant referee 2
2020-01-29,Hobday,Paul,Paul Hobday,Fourth official
2020-02-01,Oldham,Scott,Scott Oldham,Referee
2020-02-01,Harty,Thomas,Thomas Harty,Assistant referee 1
2020-02-01,Liddle,Geoffrey,Geoffrey Liddle,Assistant referee 2
2020-02-01,Mulraine,Kevin,Kevin Mulraine,Fourth official
2020-02-04,Doughty,Leigh,Leigh Doughty,Referee
2020-02-04,Smith,Wade,Wade Smith,Assistant referee 1
2020-02-04,Brown,Conor,Conor Brown,Assistant referee 2
2020-02-04,Kenny,Jon,Jon Kenny,Fourth official
2020-02-08,Salisbury,Michael,Michael Salisbury,Referee
2020-02-08,Isherwood,Chris,Chris Isherwood,Assistant referee 1
2020-02-08,Rushton,Steven,Steven Rushton,Assistant referee 2
2020-02-08,Karaivanov,Hristo,Hristo Karaivanov,Fourth official
2020-02-11,Hair,Neil,Neil Hair,Referee
2020-02-11,Aspinall,Natalie,Natalie Aspinall,Assistant referee 1
2020-02-11,Bartlett,Richard,Richard Bartlett,Assistant referee 2
2020-02-11,Clayton,Alan,Alan Clayton,Fourth official
2020-02-22,Breakspear,Charles,Charles Breakspear,Referee
2020-02-22,Hendley,Andy,Andy Hendley,Assistant referee 1
2020-02-22,Amphlett,Marvyn,Marvyn Amphlett,Assistant referee 2
2020-02-22,Wade,Christopher,Christopher Wade,Fourth official
2020-02-25,Oldham,James,James Oldham,Referee
2020-02-25,Hilton,Gary,Gary Hilton,Assistant referee 1
2020-02-25,Karaivanov,Hristo,Hristo Karaivanov,Assistant referee 2
2020-02-25,Harty,Thomas,Thomas Harty,Fourth official
2020-03-07,Finnie,Will,Will Finnie,Referee
2020-03-07,Parry,Matthew,Matthew Parry,Assistant referee 1
2020-03-07,Morris,Richard,Richard Morris,Assistant referee 2
2020-03-07,Evans,Karl,Karl Evans,Fourth official
2020-03-10,Stockbridge,Seb,Seb Stockbridge,Referee
2020-03-10,Gordon,Barry,Barry Gordon,Assistant referee 1
2020-03-10,Mackey,Oliver,Oliver Mackey,Assistant referee 2
2020-03-10,Brown,Conor,Conor Brown,Fourth official
2020-09-05,Nield,Tom,Tom Nield,Referee
2020-09-05,Brown,Conor,Conor Brown,Assistant referee 1
2020-09-05,Rushton,Steven,Steven Rushton,Assistant referee 2
2020-09-05,Hall,Bradley,Bradley Hall,Fourth official
2020-09-08,Bourne,Declan,Declan Bourne,Referee
2020-09-08,Dallison,Andrew,Andrew Dallison,Assistant referee 1
2020-09-08,Isherwood,Chris,Chris Isherwood,Assistant referee 2
2020-09-08,Tallis,Scott,Scott Tallis,Fourth official
2020-09-12,Bell,James,James Bell,Referee
2020-09-12,Ford,Declan,Declan Ford,Assistant referee 1
2020-09-12,Howick,Kevin,Kevin Howick,Assistant referee 2
2020-09-12,Rashid,Lisa,Lisa Rashid,Fourth official
2020-09-19,Boyeson,Carl,Carl Boyeson,Referee
2020-09-19,Woodward,Richard,Richard Woodward,Assistant referee 1
2020-09-19,Atkin,Robert,Robert Atkin,Assistant referee 2
2020-09-19,Gooch,Peter,Peter Gooch,Fourth official
2020-09-26,Purkiss,Sam,Sam Purkiss,Referee
2020-09-26,Stokes,Joseph,Joseph Stokes,Assistant referee 1
2020-09-26,Bandara,Damith,Damith Bandara,Assistant referee 2
2020-09-26,Bennett,Andrew,Andrew Bennett,Fourth official
2020-09-29,Oldham,Scott,Scott Oldham,Referee
2020-09-29,Harty,Thomas,Thomas Harty,Assistant referee 1
2020-09-29,Graham,Paul,Paul Graham,Assistant referee 2
2020-09-29,Marsden,Paul,Paul Marsden,Fourth official
2020-10-03,Backhouse,Anthony,Anthony Backhouse,Referee
2020-10-03,Karaivanov,Hristo,Hristo Karaivanov,Assistant referee 1
2020-10-03,Husband,Christopher,Christopher Husband,Assistant referee 2
2020-10-03,Smallwood,Billy,Billy Smallwood,Fourth official
2020-10-10,Allison,Sam,Sam Allison,Referee
2020-10-10,Cheosiaua,Dumitru-Ravel,Dumitru-Ravel Cheosiaua,Assistant referee 1
2020-10-10,Smith,Matthew,Matthew Smith,Assistant referee 2
2020-10-10,Rushton,Steven,Steven Rushton,Fourth official
2020-10-17,Coggins,Antony,Antony Coggins,Referee
2020-10-17,Flynn,John,John Flynn,Assistant referee 1
2020-10-17,Morris,Kevin,Kevin Morris,Assistant referee 2
2020-10-17,Wilding,Darren,Darren Wilding,Fourth official
2020-10-20,Barrott,Samuel,Samuel Barrott,Referee
2020-10-20,Wigglesworth,Richard,Richard Wigglesworth,Assistant referee 1
2020-10-20,Parry,Matthew,Matthew Parry,Assistant referee 2
2020-10-20,Toner,Ben,Ben Toner,Fourth official
2020-10-24,Woolmer,Andy,Andy Woolmer,Referee
2020-10-24,Meredith,Steven,Steven Meredith,Assistant referee 1
2020-10-24,Barnard,Nicholas,Nicholas Barnard,Assistant referee 2
2020-10-24,Dermott,Philip,Philip Dermott,Fourth official
2020-10-27,Oldham,James,James Oldham,Referee
2020-10-27,Farmer,Aaron,Aaron Farmer,Assistant referee 1
2020-10-27,Farrell,Conor,Conor Farrell,Assistant referee 2
2020-10-27,Ross,Alasdair,Alasdair Ross,Fourth official
2020-10-31,Hicks,Craig,Craig Hicks,Referee
2020-10-31,Hendley,Andy,Andy Hendley,Assistant referee 1
2020-10-31,Mellor,Gareth,Gareth Mellor,Assistant referee 2
2020-10-31,Stonier,Paul,Paul Stonier,Fourth official
2020-11-03,Joyce,Ross,Ross Joyce,Referee
2020-11-03,Grunnill,Wayne,Wayne Grunnill,Assistant referee 1
2020-11-03,Mulraine,Kevin,Kevin Mulraine,Assistant referee 2
2020-11-03,Bickle,Oliver,Oliver Bickle,Fourth official
2020-11-07,Salisbury,Graham,Graham Salisbury,Referee
2020-11-07,Smallwood,Billy,Billy Smallwood,Assistant referee 1
2020-11-07,Bristow,Matthew,Matthew Bristow,Assistant referee 2
2020-11-07,Isherwood,Chris,Chris Isherwood,Fourth official
2020-11-11,Speedie,Ben,Ben Speedie,Referee
2020-11-11,Woodward,Richard,Richard Woodward,Assistant referee 1
2020-11-11,Clayton,Alan,Alan Clayton,Assistant referee 2
2020-11-11,Harty,Thomas,Thomas Harty,Fourth official
2020-11-14,Brook,Carl,Carl Brook,Referee
2020-11-14,Smith,Matthew,Matthew Smith,Assistant referee 1
2020-11-14,Howick,Kevin,Kevin Howick,Assistant referee 2
2020-11-14,Graham,Paul,Paul Graham,Fourth official
2020-11-21,Edwards,Marc,Marc Edwards,Referee
2020-11-21,Taylor,Grant,Grant Taylor,Assistant referee 1
2020-11-21,Stonier,Paul,Paul Stonier,Assistant referee 2
2020-11-21,Haines,Andy,Andy Haines,Fourth official
2020-11-24,Rock,David,David Rock,Referee
2020-11-24,Karaivanov,Hristo,Hristo Karaivanov,Assistant referee 1
2020-11-24,Dallison,Andrew,Andrew Dallison,Assistant referee 2
2020-11-24,Oldham,James,James Oldham,Fourth official
2020-11-27,Nield,Tom,Tom Nield,Referee
2020-11-27,Bartlett,Richard,Richard Bartlett,Assistant referee 1
2020-11-27,Bickle,Oliver,Oliver Bickle,Assistant referee 2
2020-11-27,Backhouse,Anthony,Anthony Backhouse,Fourth official
2020-12-01,Young,Alan,Alan Young,Referee
2020-12-01,Wade,Stephen,Stephen Wade,Assistant referee 1
2020-12-01,Gordon,Barry,Barry Gordon,Assistant referee 2
2020-12-01,Gooch,Peter,Peter Gooch,Fourth official
2020-12-05,Coy,Martin,Martin Coy,Referee
2020-12-05,Ward,Christopher,Christopher Ward,Assistant referee 1
2020-12-05,Khan,Abbas,Abbas Khan,Assistant referee 2
2020-12-05,Toner,Ben,Ben Toner,Fourth official
2020-12-08,Stockbridge,Seb,Seb Stockbridge,Referee
2020-12-08,Isherwood,Chris,Chris Isherwood,Assistant referee 1
2020-12-08,Wilding,Darren,Darren Wilding,Assistant referee 2
2020-12-08,Parry,Matthew,Matthew Parry,Fourth official
2020-12-12,Johnson,Kevin,Kevin Johnson,Referee
2020-12-12,Ricketts,Adam,Adam Ricketts,Assistant referee 1
2020-12-12,Dabbs,Robert,Robert Dabbs,Assistant referee 2
2020-12-12,Plane,Steven,Steven Plane,Fourth official
2020-12-19,Breakspear,Charles,Charles Breakspear,Referee
2020-12-19,Williams,Scott,Scott Williams,Assistant referee 1
2020-12-19,Isherwood,Chris,Chris Isherwood,Assistant referee 2
2020-12-19,Barrott,Samuel,Samuel Barrott,Fourth official
2020-12-26,Toner,Ben,Ben Toner,Referee
2020-12-26,Rushton,Steven,Steven Rushton,Assistant referee 1
2020-12-26,Clayton,Alan,Alan Clayton,Assistant referee 2
2020-12-26,Woods,Martin,Martin Woods,Fourth official
2020-12-29,Bell,James,James Bell,Referee
2020-12-29,Clayton,Simon,Simon Clayton,Assistant referee 1
2020-12-29,Hilton,Gary,Gary Hilton,Assistant referee 2
2020-12-29,Backhouse,Anthony,Anthony Backhouse,Fourth official
2021-01-10,Langford,Oliver,Oliver Langford,Referee
2021-01-10,McGrath,Matt,Matt McGrath,Assistant referee 1
2021-01-10,Dermott,Philip,Philip Dermott,Assistant referee 2
2021-01-10,Oldham,Scott,Scott Oldham,Fourth official
2021-01-13,Edwards,Marc,Marc Edwards,Referee
2021-01-13,Simpson,Joe,Joe Simpson,Assistant referee 1
2021-01-13,Parry,Matthew,Matthew Parry,Assistant referee 2
2021-01-13,Graham,Paul,Paul Graham,Fourth official
2021-01-16,Swabey,Lee,Lee Swabey,Referee
2021-01-16,Kelly,Paul,Paul Kelly,Assistant referee 1
2021-01-16,Whitaker,Ryan,Ryan Whitaker,Assistant referee 2
2021-01-16,Holmes,Martyn,Martyn Holmes,Fourth official
2021-01-19,Drysdale,Darren,Darren Drysdale,Referee
2021-01-19,Harty,Thomas,Thomas Harty,Assistant referee 1
2021-01-19,Stonier,Paul,Paul Stonier,Assistant referee 2
2021-01-19,Backhouse,Anthony,Anthony Backhouse,Fourth official
2021-01-23,Hair,Neil,Neil Hair,Referee
2021-01-23,Williams,Ollie,Ollie Williams,Assistant referee 1
2021-01-23,Plane,Steven,Steven Plane,Assistant referee 2
2021-01-23,Hunt,David,David Hunt,Fourth official
2021-01-26,Haines,Andy,Andy Haines,Referee
2021-01-26,Clayton,Alan,Alan Clayton,Assistant referee 1
2021-01-26,Clark,Joe,Joe Clark,Assistant referee 2
2021-01-26,Ward,Christopher,Christopher Ward,Fourth official
2021-01-30,Howard,Paul,Paul Howard,Referee
2021-01-30,Gordon,Barry,Barry Gordon,Assistant referee 1
2021-01-30,Stankovic,Ivan,Ivan Stankovic,Assistant referee 2
2021-01-30,Boyeson,Carl,Carl Boyeson,Fourth official
2021-02-02,Barrott,Samuel,Samuel Barrott,Referee
2021-02-02,Smedley,Ian,Ian Smedley,Assistant referee 1
2021-02-02,Williams,Ollie,Ollie Williams,Assistant referee 2
2021-02-02,Coy,Martin,Martin Coy,Fourth official
2021-02-06,Young,Alan,Alan Young,Referee
2021-02-06,Hilton,Gary,Gary Hilton,Assistant referee 1
2021-02-06,Gooch,Peter,Peter Gooch,Assistant referee 2
2021-02-06,Brown,Conor,Conor Brown,Fourth official
2021-02-09,Madley,Robert,Robert Madley,Referee
2021-02-09,Woodward,Richard,Richard Woodward,Assistant referee 1
2021-02-09,Hughes,Kenwyn,Kenwyn Hughes,Assistant referee 2
2021-02-09,Bartlett,Richard,Richard Bartlett,Fourth official
2021-02-16,Hicks,Craig,Craig Hicks,Referee
2021-02-16,Wade,Christopher,Christopher Wade,Assistant referee 1
2021-02-16,Gratton,Danny,Danny Gratton,Assistant referee 2
2021-02-16,Purkiss,Sam,Sam Purkiss,Fourth official
2021-02-20,Stockbridge,Seb,Seb Stockbridge,Referee
2021-02-20,Cheosiaua,Dumitru-Ravel,Dumitru-Ravel Cheosiaua,Assistant referee 1
2021-02-20,Isherwood,Chris,Chris Isherwood,Assistant referee 2
2021-02-20,Oldham,Scott,Scott Oldham,Fourth official
2021-02-23,Speedie,Ben,Ben Speedie,Referee
2021-02-23,Clayton,Simon,Simon Clayton,Assistant referee 1
2021-02-23,Newhouse,Paul,Paul Newhouse,Assistant referee 2
2021-02-23,Herczeg,Adam,Adam Herczeg,Fourth official
2021-02-27,Coggins,Antony,Antony Coggins,Referee
2021-02-27,Aylott,Andrew,Andrew Aylott,Assistant referee 1
2021-02-27,Maskell,Garry,Garry Maskell,Assistant referee 2
2021-02-27,Finnie,Will,Will Finnie,Fourth official
2021-03-02,Toner,Ben,Ben Toner,Referee
2021-03-02,Simpson,Joe,Joe Simpson,Assistant referee 1
2021-03-02,Stonier,Paul,Paul Stonier,Assistant referee 2
2021-03-02,Parsons,Thomas,Thomas Parsons,Fourth official
2021-03-06,Pollard,Christopher,Christopher Pollard,Referee
2021-03-06,Taylor,Grant,Grant Taylor,Assistant referee 1
2021-03-06,Amphlett,Marvyn,Marvyn Amphlett,Assistant referee 2
2021-03-06,Rashid,Lisa,Lisa Rashid,Fourth official
2021-03-09,Robinson,Tim,Tim Robinson,Referee
2021-03-09,Lugg,Nigel,Nigel Lugg,Assistant referee 1
2021-03-09,Hyde,Robert,Robert Hyde,Assistant referee 2
2021-03-09,Byrne,George,George Byrne,Fourth official
2021-03-14,Breakspear,Charles,Charles Breakspear,Referee
2021-03-14,Liddle,Geoffrey,Geoffrey Liddle,Assistant referee 1
2021-03-14,Butler,Stuart,Stuart Butler,Assistant referee 2
2021-03-14,Lewis,Robert,Robert Lewis,Fourth official
2021-03-17,Lewis,Robert,Robert Lewis,Referee
2021-03-17,Wigglesworth,Richard,Richard Wigglesworth,Assistant referee 1
2021-03-17,Holmes,Martyn,Martyn Holmes,Assistant referee 2
2021-03-17,Nield,Tom,Tom Nield,Fourth official
2021-03-20,Howard,Paul,Paul Howard,Referee
2021-03-20,Williams,Ollie,Ollie Williams,Assistant referee 1
2021-03-20,Gratton,Danny,Danny Gratton,Assistant referee 2
2021-03-20,Brown,Conor,Conor Brown,Fourth official
2021-03-23,Bourne,Declan,Declan Bourne,Referee
2021-03-23,Yates,Paul,Paul Yates,Assistant referee 1
2021-03-23,Whitaker,Ryan,Ryan Whitaker,Assistant referee 2
2021-03-23,Hicks,Craig,Craig Hicks,Fourth official
2021-03-27,Finnie,Will,Will Finnie,Referee
2021-03-27,Atkin,Robert,Robert Atkin,Assistant referee 1
2021-03-27,Morris,Kevin,Kevin Morris,Assistant referee 2
2021-03-27,Parry,Matthew,Matthew Parry,Fourth official
2021-04-02,Busby,John,John Busby,Referee
2021-04-02,Ogles,Samuel,Samuel Ogles,Assistant referee 1
2021-04-02,Wade,Christopher,Christopher Wade,Assistant referee 2
2021-04-02,Hicks,Craig,Craig Hicks,Fourth official
2021-04-05,Coy,Martin,Martin Coy,Referee
2021-04-05,Woodward,Richard,Richard Woodward,Assistant referee 1
2021-04-05,Bickle,Oliver,Oliver Bickle,Assistant referee 2
2021-04-05,Speedie,Ben,Ben Speedie,Fourth official
2021-04-10,Davies,Andy,Andy Davies,Referee
2021-04-10,Dwyer,Mark,Mark Dwyer,Assistant referee 1
2021-04-10,Smith,Wade,Wade Smith,Assistant referee 2
2021-04-10,Barnard,Nicholas,Nicholas Barnard,Fourth official
2021-04-13,Yates,Ollie,Ollie Yates,Referee
2021-04-13,Aylott,Andrew,Andrew Aylott,Assistant referee 1
2021-04-13,Taylor,Grant,Grant Taylor,Assistant referee 2
2021-04-13,Shaw,Simon,Simon Shaw,Fourth official
2021-04-17,Madley,Robert,Robert Madley,Referee
2021-04-17,Rushton,Steven,Steven Rushton,Assistant referee 1
2021-04-17,Clayton,Simon,Simon Clayton,Assistant referee 2
2021-04-17,Backhouse,Anthony,Anthony Backhouse,Fourth official
2021-04-20,Stockbridge,Seb,Seb Stockbridge,Referee
2021-04-20,Moore,Anthony,Anthony Moore,Assistant referee 1
2021-04-20,Brown,Conor,Conor Brown,Assistant referee 2
2021-04-20,Ward,Christopher,Christopher Ward,Fourth official
2021-04-24,Edwards,Marc,Marc Edwards,Referee
2021-04-24,Rashid,Lisa,Lisa Rashid,Assistant referee 1
2021-04-24,Bristow,Matthew,Matthew Bristow,Assistant referee 2
2021-04-24,Bourne,Declan,Declan Bourne,Fourth official
2021-05-01,Nield,Tom,Tom Nield,Referee
2021-05-01,Butler,Stuart,Stuart Butler,Assistant referee 1
2021-05-01,Derrien,Mark,Mark Derrien,Assistant referee 2
2021-05-01,Brook,Carl,Carl Brook,Fourth official
2021-05-08,Bell,James,James Bell,Referee
2021-05-08,Williams,Ollie,Ollie Williams,Assistant referee 1
2021-05-08,Smedley,Ian,Ian Smedley,Assistant referee 2
2021-05-08,Welch,Rebecca,Rebecca Welch,Fourth official
2021-05-20,Drysdale,Darren,Darren Drysdale,Referee
2021-05-20,Clark,Joe,Joe Clark,Assistant referee 1
2021-05-20,Moore,Anthony,Anthony Moore,Assistant referee 2
2021-05-20,Toner,Ben,Ben Toner,Fourth official
2021-05-23,Bramall,Thomas,Thomas Bramall,Referee
2021-05-23,Newhouse,Paul,Paul Newhouse,Assistant referee 1
2021-05-23,Bickle,Oliver,Oliver Bickle,Assistant referee 2
2021-05-23,Oldham,Scott,Scott Oldham,Fourth official
2021-08-07,Brook,Carl,Carl Brook,Referee
2021-08-07,Ward,Christopher,Christopher Ward,Assistant referee 1
2021-08-07,Bartlett,Richard,Richard Bartlett,Assistant referee 2
2021-08-07,Taylor,Grant,Grant Taylor,Fourth official
2021-08-10,Oldham,Scott,Scott Oldham,Referee
2021-08-10,Jones,Mark,Mark Jones,Assistant referee 1
2021-08-10,Stankovic,Ivan,Ivan Stankovic,Assistant referee 2
2021-08-10,Miller,Andrew,Andrew Miller,Fourth official
2021-08-14,Haines,Andy,Andy Haines,Referee
2021-08-14,Bickle,Oliver,Oliver Bickle,Assistant referee 1
2021-08-14,Freeman,Lee,Lee Freeman,Assistant referee 2
2021-08-14,Harty,Thomas,Thomas Harty,Fourth official
2021-08-17,Busby,John,John Busby,Referee
2021-08-17,Pottage,Mark,Mark Pottage,Assistant referee 1
2021-08-17,Lugg,Nigel,Nigel Lugg,Assistant referee 2
2021-08-17,Tallis,Scott,Scott Tallis,Fourth official
2021-08-21,Lewis,Robert,Robert Lewis,Referee
2021-08-21,Graham,Paul,Paul Graham,Assistant referee 1
2021-08-21,Husband,Christopher,Christopher Husband,Assistant referee 2
2021-08-21,Parsons,Thomas,Thomas Parsons,Fourth official
2021-08-28,Kettle,Trevor,Trevor Kettle,Referee
2021-08-28,Clayton,Simon,Simon Clayton,Assistant referee 1
2021-08-28,Woodward,Daniel,Daniel Woodward,Assistant referee 2
2021-08-28,Newhouse,Paul,Paul Newhouse,Fourth official
2021-09-04,Sarginson,Chris,Chris Sarginson,Referee
2021-09-04,Amphlett,Marvyn,Marvyn Amphlett,Assistant referee 1
2021-09-04,Smedley,Ian,Ian Smedley,Assistant referee 2
2021-09-04,Hilton,Gary,Gary Hilton,Fourth official
2021-09-11,Breakspear,Charles,Charles Breakspear,Referee
2021-09-11,Gratton,Danny,Danny Gratton,Assistant referee 1
2021-09-11,Smith,Matthew,Matthew Smith,Assistant referee 2
2021-09-11,Khan,Abbas,Abbas Khan,Fourth official
2021-09-14,Mather,Simon,Simon Mather,Referee
2021-09-14,Clayton,Alan,Alan Clayton,Assistant referee 1
2021-09-14,Smallwood,Billy,Billy Smallwood,Assistant referee 2
2021-09-14,Stonier,Paul,Paul Stonier,Fourth official
2021-09-18,Purkiss,Sam,Sam Purkiss,Referee
2021-09-18,Ward,Christopher,Christopher Ward,Assistant referee 1
2021-09-18,Freeman,Lee,Lee Freeman,Assistant referee 2
2021-09-18,Barnard,Nicholas,Nicholas Barnard,Fourth official
2021-09-25,Rock,David,David Rock,Referee
2021-09-25,Husband,Christopher,Christopher Husband,Assistant referee 1
2021-09-25,Harty,Thomas,Thomas Harty,Assistant referee 2
2021-09-25,Hendley,Andy,Andy Hendley,Fourth official
2021-10-02,Stockbridge,Seb,Seb Stockbridge,Referee
2021-10-02,Woodward,Richard,Richard Woodward,Assistant referee 1
2021-10-02,Bickerdike,Jonathon,Jonathon Bickerdike,Assistant referee 2
2021-10-02,Mather,Simon,Simon Mather,Fourth official
2021-10-05,Yates,Ollie,Ollie Yates,Referee
2021-10-05,Williams,Ollie,Ollie Williams,Assistant referee 1
2021-10-05,Hilton,Gary,Gary Hilton,Assistant referee 2
2021-10-05,Brown,Conor,Conor Brown,Fourth official
2021-10-08,Oldham,James,James Oldham,Referee
2021-10-08,Rushton,Steven,Steven Rushton,Assistant referee 1
2021-10-08,Ward,Christopher,Christopher Ward,Assistant referee 2
2021-10-08,Graham,Paul,Paul Graham,Fourth official
2021-10-16,Kitchen,Andrew,Andrew Kitchen,Referee
2021-10-16,Williams,Darren,Darren Williams,Assistant referee 1
2021-10-16,Gooch,Peter,Peter Gooch,Assistant referee 2
2021-10-16,Isherwood,Chris,Chris Isherwood,Fourth official
2021-10-19,Bourne,Declan,Declan Bourne,Referee
2021-10-19,Parry,Matthew,Matthew Parry,Assistant referee 1
2021-10-19,Clayton,Simon,Simon Clayton,Assistant referee 2
2021-10-19,Avent,David,David Avent,Fourth official
2021-10-23,Nield,Tom,Tom Nield,Referee
2021-10-23,Wigglesworth,Richard,Richard Wigglesworth,Assistant referee 1
2021-10-23,Gratton,Danny,Danny Gratton,Assistant referee 2
2021-10-23,Smith,Matthew,Matthew Smith,Fourth official
2021-10-30,Bell,James,James Bell,Referee
2021-10-30,Atkin,Robert,Robert Atkin,Assistant referee 1
2021-10-30,Rashid,Lisa,Lisa Rashid,Assistant referee 2
2021-10-30,Freeman,Lee,Lee Freeman,Fourth official
2021-11-06,Breakspear,Charles,Charles Breakspear,Referee
2021-11-06,Ogles,Samuel,Samuel Ogles,Assistant referee 1
2021-11-06,Bennett,Andrew,Andrew Bennett,Assistant referee 2
2021-11-06,Marks,Louis,Louis Marks,Fourth official
2021-11-09,Edwards,Marc,Marc Edwards,Referee
2021-11-09,Brown,Conor,Conor Brown,Assistant referee 1
2021-11-09,Bickerdike,Jonathon,Jonathon Bickerdike,Assistant referee 2
2021-11-09,Smallwood,Billy,Billy Smallwood,Fourth official
2021-11-13,Finnie,Will,Will Finnie,Referee
2021-11-13,Clark,Joe,Joe Clark,Assistant referee 1
2021-11-13,Clayton,Alan,Alan Clayton,Assistant referee 2
2021-11-13,Stonier,Paul,Paul Stonier,Fourth official
2021-11-20,Reeves,Tom,Tom Reeves,Referee
2021-11-20,Kidd,Christopher,Christopher Kidd,Assistant referee 1
2021-11-20,Begley,Michael,Michael Begley,Assistant referee 2
2021-11-20,Amey,Justin,Justin Amey,Fourth official
2021-11-23,Coy,Martin,Martin Coy,Referee
2021-11-23,Bickle,Oliver,Oliver Bickle,Assistant referee 1
2021-11-23,Woodward,Richard,Richard Woodward,Assistant referee 2
2021-11-23,Simpson,Joe,Joe Simpson,Fourth official
2021-12-04,Oldham,James,James Oldham,Referee
2021-12-04,Maskell,Garry,Garry Maskell,Assistant referee 1
2021-12-04,Whitaker,Ryan,Ryan Whitaker,Assistant referee 2
2021-12-04,Stokes,Joseph,Joseph Stokes,Fourth official
2021-12-07,Haines,Andy,Andy Haines,Referee
2021-12-07,Clayton,Simon,Simon Clayton,Assistant referee 1
2021-12-07,Raper,Lewis,Lewis Raper,Assistant referee 2
2021-12-07,Parry,Matthew,Matthew Parry,Fourth official
2021-12-11,Madley,Robert,Robert Madley,Referee
2021-12-11,Ricketts,Adam,Adam Ricketts,Assistant referee 1
2021-12-11,Dabbs,Robert,Robert Dabbs,Assistant referee 2
2021-12-11,Lamport,Daniel,Daniel Lamport,Fourth official
2021-12-18,Howard,Paul,Paul Howard,Referee
2021-12-18,Graham,Paul,Paul Graham,Assistant referee 1
2021-12-18,Simpson,Joe,Joe Simpson,Assistant referee 2
2021-12-18,Brown,Conor,Conor Brown,Fourth official
2021-12-21,Barrott,Samuel,Samuel Barrott,Referee
2021-12-21,Rushton,Steven,Steven Rushton,Assistant referee 1
2021-12-21,Hendley,Andy,Andy Hendley,Assistant referee 2
2021-12-21,Handley,Darren,Darren Handley,Fourth official
2021-12-26,Oldham,Scott,Scott Oldham,Referee
2021-12-26,Smedley,Ian,Ian Smedley,Assistant referee 1
2021-12-26,Smallwood,Billy,Billy Smallwood,Assistant referee 2
2021-12-26,Stonier,Paul,Paul Stonier,Fourth official
2022-01-08,Pollard,Christopher,Christopher Pollard,Referee
2022-01-08,Jones,Mark,Mark Jones,Assistant referee 1
2022-01-08,Harty,Thomas,Thomas Harty,Assistant referee 2
2022-01-08,Freeman,Lee,Lee Freeman,Fourth official
2022-01-11,Joyce,Ross,Ross Joyce,Referee
2022-01-11,Wigglesworth,Richard,Richard Wigglesworth,Assistant referee 1
2022-01-11,Woodward,Richard,Richard Woodward,Assistant referee 2
2022-01-11,Toner,Ben,Ben Toner,Fourth official
2022-01-15,Toner,Ben,Ben Toner,Referee
2022-01-15,Clark,Joe,Joe Clark,Assistant referee 1
2022-01-15,Aspinall,Natalie,Natalie Aspinall,Assistant referee 2
2022-01-15,Hilton,Gary,Gary Hilton,Fourth official
2022-01-22,Mather,Simon,Simon Mather,Referee
2022-01-22,Bonneywell,Daniel,Daniel Bonneywell,Assistant referee 1
2022-01-22,Yates,Paul,Paul Yates,Assistant referee 2
2022-01-22,Cook,Daniel,Daniel Cook,Fourth official
2022-01-29,Swabey,Lee,Lee Swabey,Referee
2022-01-29,Clayton,Alan,Alan Clayton,Assistant referee 1
2022-01-29,Moore,Anthony,Anthony Moore,Assistant referee 2
2022-01-29,Stockbridge,Seb,Seb Stockbridge,Fourth official
2022-02-01,Backhouse,Anthony,Anthony Backhouse,Referee
2022-02-01,Williams,Ollie,Ollie Williams,Assistant referee 1
2022-02-01,Hilton,Gary,Gary Hilton,Assistant referee 2
2022-02-01,Speedie,Ben,Ben Speedie,Fourth official
2022-02-05,Langford,Oliver,Oliver Langford,Referee
2022-02-05,Dermott,Philip,Philip Dermott,Assistant referee 1
2022-02-05,Hunt,Jonathan,Jonathan Hunt,Assistant referee 2
2022-02-05,Oldham,Scott,Scott Oldham,Fourth official
2022-02-08,Mather,Simon,Simon Mather,Referee
2022-02-08,Bickerdike,Jonathon,Jonathon Bickerdike,Assistant referee 1
2022-02-08,Rushton,Steven,Steven Rushton,Assistant referee 2
2022-02-08,Gooch,Peter,Peter Gooch,Fourth official
2022-02-12,Allison,Sam,Sam Allison,Referee
2022-02-12,Hunt,David,David Hunt,Assistant referee 1
2022-02-12,Khan,Abbas,Abbas Khan,Assistant referee 2
2022-02-12,Tallis,Scott,Scott Tallis,Fourth official
2022-02-15,Welch,Rebecca,Rebecca Welch,Referee
2022-02-15,Mulraine,Kevin,Kevin Mulraine,Assistant referee 1
2022-02-15,Atkin,Robert,Robert Atkin,Assistant referee 2
2022-02-15,Fyvie,Graeme,Graeme Fyvie,Fourth official
2022-02-19,Rock,David,David Rock,Referee
2022-02-19,Woodward,Richard,Richard Woodward,Assistant referee 1
2022-02-19,Flynn,Daniel,Daniel Flynn,Assistant referee 2
2022-02-19,Brown,Conor,Conor Brown,Fourth official
2022-02-26,Drysdale,Darren,Darren Drysdale,Referee
2022-02-26,Taylor,Grant,Grant Taylor,Assistant referee 1
2022-02-26,Husband,Christopher,Christopher Husband,Assistant referee 2
2022-02-26,Morris,Kevin,Kevin Morris,Fourth official
2022-03-05,Martin,Steve,Steve Martin,Referee
2022-03-05,Pottage,Mark,Mark Pottage,Assistant referee 1
2022-03-05,Waters,Adrian,Adrian Waters,Assistant referee 2
2022-03-05,Kettle,Trevor,Trevor Kettle,Fourth official
2022-03-11,Haines,Andy,Andy Haines,Referee
2022-03-11,Smallwood,Billy,Billy Smallwood,Assistant referee 1
2022-03-11,Bickle,Oliver,Oliver Bickle,Assistant referee 2
2022-03-11,Smith,Lewis,Lewis Smith,Fourth official
2022-03-15,Handley,Darren,Darren Handley,Referee
2022-03-15,Harty,Thomas,Thomas Harty,Assistant referee 1
2022-03-15,Jones,Mark,Mark Jones,Assistant referee 2
2022-03-15,Barrott,Samuel,Samuel Barrott,Fourth official
2022-03-19,Finnie,Will,Will Finnie,Referee
2022-03-19,Farrell,Conor,Conor Farrell,Assistant referee 1
2022-03-19,Webb,Michael,Michael Webb,Assistant referee 2
2022-03-19,Brown,Stephen,Stephen Brown,Fourth official
2022-03-26,Brook,Carl,Carl Brook,Referee
2022-03-26,Bonneywell,Daniel,Daniel Bonneywell,Assistant referee 1
2022-03-26,Chard,Michael,Michael Chard,Assistant referee 2
2022-03-26,Blunden,Darren,Darren Blunden,Fourth official
2022-04-02,Breakspear,Charles,Charles Breakspear,Referee
2022-04-02,Amphlett,Marvyn,Marvyn Amphlett,Assistant referee 1
2022-04-02,Rushton,Steven,Steven Rushton,Assistant referee 2
2022-04-02,Jackson,Scott,Scott Jackson,Fourth official
2022-04-09,Edwards,Marc,Marc Edwards,Referee
2022-04-09,Gooch,Peter,Peter Gooch,Assistant referee 1
2022-04-09,Clayton,Alan,Alan Clayton,Assistant referee 2
2022-04-09,Smedley,Ian,Ian Smedley,Fourth official
2022-04-15,Boyeson,Carl,Carl Boyeson,Referee
2022-04-15,Hilton,Gary,Gary Hilton,Assistant referee 1
2022-04-15,Ford,Declan,Declan Ford,Assistant referee 2
2022-04-15,Karaivanov,Hristo,Hristo Karaivanov,Fourth official
2022-04-18,Drysdale,Darren,Darren Drysdale,Referee
2022-04-18,Khan,Abbas,Abbas Khan,Assistant referee 1
2022-04-18,Bickle,Oliver,Oliver Bickle,Assistant referee 2
2022-04-18,Smallwood,Billy,Billy Smallwood,Fourth official
2022-04-23,Stroud,Keith,Keith Stroud,Referee
2022-04-23,Hyde,Robert,Robert Hyde,Assistant referee 1
2022-04-23,Lewis,Sam,Sam Lewis,Assistant referee 2
2022-04-23,Oldham,James,James Oldham,Fourth official
2022-04-30,Hair,Neil,Neil Hair,Referee
2022-04-30,Taylor,Grant,Grant Taylor,Assistant referee 1
2022-04-30,Stonier,Paul,Paul Stonier,Assistant referee 2
2022-04-30,Woods,Martin,Martin Woods,Fourth official
2022-05-07,Stockbridge,Seb,Seb Stockbridge,Referee
2022-05-07,O'Shea,Declan,Declan O'Shea,Assistant referee 1
2022-05-07,Bennett,Andrew,Andrew Bennett,Assistant referee 2
2022-05-07,Young,Alan,Alan Young,Fourth official
2022-07-30,Simpson,Jeremy,Jeremy Simpson,Referee
2022-07-30,Simpson,Joe,Joe Simpson,Assistant referee 1
2022-07-30,Smallwood,Billy,Billy Smallwood,Assistant referee 2
2022-07-30,Middleton,Daniel,Daniel Middleton,Fourth official
2022-08-06,Stockbridge,Seb,Seb Stockbridge,Referee
2022-08-06,Wigglesworth,Richard,Richard Wigglesworth,Assistant referee 1
2022-08-06,Wade,Stephen,Stephen Wade,Assistant referee 2
2022-08-06,Lewis,Sam,Sam Lewis,Fourth official
2022-08-09,Lewis,Robert,Robert Lewis,Referee
2022-08-09,Woodward,Daniel,Daniel Woodward,Assistant referee 1
2022-08-09,Brown,Conor,Conor Brown,Assistant referee 2
2022-08-09,Marsden,Paul,Paul Marsden,Fourth official
2022-08-13,Oldham,Scott,Scott Oldham,Referee
2022-08-13,Stonier,Paul,Paul Stonier,Assistant referee 1
2022-08-13,Grunnill,Wayne,Wayne Grunnill,Assistant referee 2
2022-08-13,Wilkes,Matt,Matt Wilkes,Fourth official
2022-08-16,Kirk,Thomas,Thomas Kirk,Referee
2022-08-16,Edwards,Helen,Helen Edwards,Assistant referee 1
2022-08-16,Mulraine,Kevin,Kevin Mulraine,Assistant referee 2
2022-08-16,Fyvie,Graeme,Graeme Fyvie,Fourth official
2022-08-20,Nield,Tom,Tom Nield,Referee
2022-08-20,Rushton,Steven,Steven Rushton,Assistant referee 1
2022-08-20,Wade,Christopher,Christopher Wade,Assistant referee 2
2022-08-20,Taylor,Grant,Grant Taylor,Fourth official
2022-08-24,Backhouse,Anthony,Anthony Backhouse,Referee
2022-08-24,Husband,Christopher,Christopher Husband,Assistant referee 1
2022-08-24,Harty,Thomas,Thomas Harty,Assistant referee 2
2022-08-24,Woods,Martin,Martin Woods,Fourth official
2022-08-27,Welch,Rebecca,Rebecca Welch,Referee
2022-08-27,Bickle,Oliver,Oliver Bickle,Assistant referee 1
2022-08-27,Barnard,Nicholas,Nicholas Barnard,Assistant referee 2
2022-08-27,Smallwood,Billy,Billy Smallwood,Fourth official
2022-09-03,Webb,David,David Webb,Referee
2022-09-03,Crysell,Adam,Adam Crysell,Assistant referee 1
2022-09-03,Wilson,James,James Wilson,Assistant referee 2
2022-09-03,Hicks,Craig,Craig Hicks,Fourth official
2022-09-13,Herczeg,Adam,Adam Herczeg,Referee
2022-09-13,Hendley,Andy,Andy Hendley,Assistant referee 1
2022-09-13,Jones,Mark,Mark Jones,Assistant referee 2
2022-09-13,Barnard,Nicholas,Nicholas Barnard,Fourth official
2022-09-17,Rock,David,David Rock,Referee
2022-09-17,Williams,Darren,Darren Williams,Assistant referee 1
2022-09-17,Stonier,Paul,Paul Stonier,Assistant referee 2
2022-09-17,Handley,Darren,Darren Handley,Fourth official
2022-09-20,Coy,Martin,Martin Coy,Referee
2022-09-20,Durnall,Steve,Steve Durnall,Assistant referee 1
2022-09-20,Fyvie,Graeme,Graeme Fyvie,Assistant referee 2
2022-09-20,Aspinall,Richard,Richard Aspinall,Fourth official
2022-09-24,Toner,Ben,Ben Toner,Referee
2022-09-24,Freeman,Lee,Lee Freeman,Assistant referee 1
2022-09-24,Taylor,Grant,Grant Taylor,Assistant referee 2
2022-09-24,Raper,Lewis,Lewis Raper,Fourth official
2022-10-01,Purkiss,Sam,Sam Purkiss,Referee
2022-10-01,Gratton,Danny,Danny Gratton,Assistant referee 1
2022-10-01,Gray,Alex,Alex Gray,Assistant referee 2
2022-10-01,Kirk,Thomas,Thomas Kirk,Fourth official
2022-10-04,Woods,Martin,Martin Woods,Referee
2022-10-04,Bickle,Oliver,Oliver Bickle,Assistant referee 1
2022-10-04,Smallwood,Billy,Billy Smallwood,Assistant referee 2
2022-10-04,Taylor,Shaun,Shaun Taylor,Fourth official
2022-10-08,Drysdale,Darren,Darren Drysdale,Referee
2022-10-08,Farrell,Conor,Conor Farrell,Assistant referee 1
2022-10-08,Tranter,Adrian,Adrian Tranter,Assistant referee 2
2022-10-08,Butler,Stuart,Stuart Butler,Fourth official
2022-10-14,Mather,Simon,Simon Mather,Referee
2022-10-14,Brown,Conor,Conor Brown,Assistant referee 1
2022-10-14,Karaivanov,Hristo,Hristo Karaivanov,Assistant referee 2
2022-10-14,Smith,Lewis,Lewis Smith,Fourth official
2022-10-18,Middleton,Daniel,Daniel Middleton,Referee
2022-10-18,Rashid,Lisa,Lisa Rashid,Assistant referee 1
2022-10-18,Smedley,Ian,Ian Smedley,Assistant referee 2
2022-10-18,Corbett,Liam,Liam Corbett,Fourth official
2022-10-22,Yates,Ollie,Ollie Yates,Referee
2022-10-22,Bickerdike,Jonathon,Jonathon Bickerdike,Assistant referee 1
2022-10-22,Avent,David,David Avent,Assistant referee 2
2022-10-22,Ward,Christopher,Christopher Ward,Fourth official
2022-10-25,Haines,Andy,Andy Haines,Referee
2022-10-25,Hilton,Gary,Gary Hilton,Assistant referee 1
2022-10-25,Harty,Thomas,Thomas Harty,Assistant referee 2
2022-10-25,Durnall,Steve,Steve Durnall,Fourth official
2022-10-29,Boyeson,Carl,Carl Boyeson,Referee
2022-10-29,Khan,Abbas,Abbas Khan,Assistant referee 1
2022-10-29,Topp,Jake,Jake Topp,Assistant referee 2
2022-10-29,Barnard,Nicholas,Nicholas Barnard,Fourth official
2022-11-01,Madden,Bobby,Bobby Madden,Referee
2022-11-01,Woodward,Richard,Richard Woodward,Assistant referee 1
2022-11-01,Newhouse,Paul,Paul Newhouse,Assistant referee 2
2022-11-01,Kitchen,Andrew,Andrew Kitchen,Fourth official
2022-11-05,Bourne,Declan,Declan Bourne,Referee
2022-11-05,Isherwood,Chris,Chris Isherwood,Assistant referee 1
2022-11-05,Raper,Lewis,Lewis Raper,Assistant referee 2
2022-11-05,Conley,Helen,Helen Conley,Fourth official
2022-11-12,Swabey,Lee,Lee Swabey,Referee
2022-11-12,Bandara,Damith,Damith Bandara,Assistant referee 1
2022-11-12,Williams,Scott,Scott Williams,Assistant referee 2
2022-11-12,Vallance,James,James Vallance,Fourth official
2022-11-19,Kirk,Thomas,Thomas Kirk,Referee
2022-11-19,Gratton,Danny,Danny Gratton,Assistant referee 1
2022-11-19,Moore,Anthony,Anthony Moore,Assistant referee 2
2022-11-19,Toner,Ben,Ben Toner,Fourth official
2022-11-22,Parsons,Thomas,Thomas Parsons,Referee
2022-11-22,Ward,Christopher,Christopher Ward,Assistant referee 1
2022-11-22,Taylor,Grant,Grant Taylor,Assistant referee 2
2022-11-22,Richardson,David,David Richardson,Fourth official
2022-12-03,Finnie,Will,Will Finnie,Referee
2022-12-03,Ford,Declan,Declan Ford,Assistant referee 1
2022-12-03,Durnall,Steve,Steve Durnall,Assistant referee 2
2022-12-03,Cheosiaua,Dumitru-Ravel,Dumitru-Ravel Cheosiaua,Fourth official
2022-12-10,Stockbridge,Seb,Seb Stockbridge,Referee
2022-12-10,Gray,Alex,Alex Gray,Assistant referee 1
2022-12-10,Wade,Stephen,Stephen Wade,Assistant referee 2
2022-12-10,Grunnill,Wayne,Wayne Grunnill,Fourth official
2022-12-26,Backhouse,Anthony,Anthony Backhouse,Referee
2022-12-26,Brown,Conor,Conor Brown,Assistant referee 1
2022-12-26,Woodward,Richard,Richard Woodward,Assistant referee 2
2022-12-26,Bickle,Oliver,Oliver Bickle,Fourth official
2022-12-29,Reeves,Tom,Tom Reeves,Referee
2022-12-29,Barnard,Nicholas,Nicholas Barnard,Assistant referee 1
2022-12-29,Isherwood,Chris,Chris Isherwood,Assistant referee 2
2022-12-29,Handley,Darren,Darren Handley,Fourth official
2023-01-01,Woolmer,Andy,Andy Woolmer,Referee
2023-01-01,Jones,Matthew,Matthew Jones,Assistant referee 1
2023-01-01,Wilson,James,James Wilson,Assistant referee 2
2023-01-01,Oldham,James,James Oldham,Fourth official
2023-01-07,Edwards,Marc,Marc Edwards,Referee
2023-01-07,Rushton,Steven,Steven Rushton,Assistant referee 1
2023-01-07,Hilton,Gary,Gary Hilton,Assistant referee 2
2023-01-07,Amphlett,Marvyn,Marvyn Amphlett,Fourth official
2023-01-14,Bourne,Declan,Declan Bourne,Referee
2023-01-14,Smallwood,Billy,Billy Smallwood,Assistant referee 1
2023-01-14,Clayton,Alan,Alan Clayton,Assistant referee 2
2023-01-14,Gratton,Danny,Danny Gratton,Fourth official
2023-01-28,Yates,Ollie,Ollie Yates,Referee
2023-01-28,Gooch,Peter,Peter Gooch,Assistant referee 1
2023-01-28,Bickle,Oliver,Oliver Bickle,Assistant referee 2
2023-01-28,Madden,Bobby,Bobby Madden,Fourth official
2023-02-04,Pollard,Christopher,Christopher Pollard,Referee
2023-02-04,Mulraine,Kevin,Kevin Mulraine,Assistant referee 1
2023-02-04,Sowerby,Matthew,Matthew Sowerby,Assistant referee 2
2023-02-04,Bickerdike,Jonathon,Jonathon Bickerdike,Fourth official
2023-02-07,Haines,Andy,Andy Haines,Referee
2023-02-07,Stankovic,Ivan,Ivan Stankovic,Assistant referee 1
2023-02-07,Williams,Darren,Darren Williams,Assistant referee 2
2023-02-07,Hall,Bradley,Bradley Hall,Fourth official
2023-02-11,Bourne,Declan,Declan Bourne,Referee
2023-02-11,Antrobus,Blake,Blake Antrobus,Assistant referee 1
2023-02-11,Dawson,Lewis,Lewis Dawson,Assistant referee 2
2023-02-11,Woodward,Richard,Richard Woodward,Fourth official
2023-02-14,Parsons,Thomas,Thomas Parsons,Referee
2023-02-14,Grunnill,Wayne,Wayne Grunnill,Assistant referee 1
2023-02-14,Hendley,Andy,Andy Hendley,Assistant referee 2
2023-02-14,Mather,Simon,Simon Mather,Fourth official
2023-02-18,Swabey,Lee,Lee Swabey,Referee
2023-02-18,Isherwood,Chris,Chris Isherwood,Assistant referee 1
2023-02-18,Gray,Alex,Alex Gray,Assistant referee 2
2023-02-18,Nield,Tom,Tom Nield,Fourth official
2023-02-25,Woods,Martin,Martin Woods,Referee
2023-02-25,Bonneywell,Daniel,Daniel Bonneywell,Assistant referee 1
2023-02-25,Butler,Stuart,Stuart Butler,Assistant referee 2
2023-02-25,Viccars,Gareth,Gareth Viccars,Fourth official
2023-02-28,Hicks,Craig,Craig Hicks,Referee
2023-02-28,Cheosiaua,Dumitru-Ravel,Dumitru-Ravel Cheosiaua,Assistant referee 1
2023-02-28,Bickerdike,Jonathon,Jonathon Bickerdike,Assistant referee 2
2023-02-28,Bickle,Oliver,Oliver Bickle,Fourth official
2023-03-04,Oldham,James,James Oldham,Referee
2023-03-04,Clayton,Alan,Alan Clayton,Assistant referee 1
2023-03-04,Amphlett,Marvyn,Marvyn Amphlett,Assistant referee 2
2023-03-04,Simpson,Scott,Scott Simpson,Fourth official
2023-03-11,Woolmer,Andy,Andy Woolmer,Referee
2023-03-11,Fox,Andrew,Andrew Fox,Assistant referee 1
2023-03-11,McGrath,Matt,Matt McGrath,Assistant referee 2
2023-03-11,Reeves,Tom,Tom Reeves,Fourth official
2023-03-18,Drysdale,Darren,Darren Drysdale,Referee
2023-03-18,Harty,Thomas,Thomas Harty,Assistant referee 1
2023-03-18,Hilton,Gary,Gary Hilton,Assistant referee 2
2023-03-18,Topp,Jake,Jake Topp,Fourth official
2023-03-25,Boyeson,Carl,Carl Boyeson,Referee
2023-03-25,Brown,Stephen,Stephen Brown,Assistant referee 1
2023-03-25,Williams,Scott,Scott Williams,Assistant referee 2
2023-03-25,Bandara,Damith,Damith Bandara,Fourth official
2023-03-31,Gill,Sunny Sukhvir,Sunny Sukhvir Gill,Referee
2023-03-31,Brown,Conor,Conor Brown,Assistant referee 1
2023-03-31,Khan,Abbas,Abbas Khan,Assistant referee 2
2023-03-31,Williams,Ollie,Ollie Williams,Fourth official
2023-04-07,Kirk,Thomas,Thomas Kirk,Referee
2023-04-07,Williams,Darren,Darren Williams,Assistant referee 1
2023-04-07,Moore,Anthony,Anthony Moore,Assistant referee 2
2023-04-07,Raper,Lewis,Lewis Raper,Fourth official
2023-04-10,Kitchen,Andrew,Andrew Kitchen,Referee
2023-04-10,Karaivanov,Hristo,Hristo Karaivanov,Assistant referee 1
2023-04-10,Woodward,Richard,Richard Woodward,Assistant referee 2
2023-04-10,Amphlett,Marvyn,Marvyn Amphlett,Fourth official
2023-04-15,Young,Alan,Alan Young,Referee
2023-04-15,Maskell,Garry,Garry Maskell,Assistant referee 1
2023-04-15,Wilson,Marc,Marc Wilson,Assistant referee 2
2023-04-15,Butler,Stuart,Stuart Butler,Fourth official
2023-04-18,Tallis,Scott,Scott Tallis,Referee
2023-04-18,Bartlett,Richard,Richard Bartlett,Assistant referee 1
2023-04-18,Stonier,Paul,Paul Stonier,Assistant referee 2
2023-04-18,Handley,Darren,Darren Handley,Fourth official
2023-04-22,Edwards,Marc,Marc Edwards,Referee
2023-04-22,Fyvie,Graeme,Graeme Fyvie,Assistant referee 1
2023-04-22,Edwards,Helen,Helen Edwards,Assistant referee 2
2023-04-22,Corlett,Matthew,Matthew Corlett,Fourth official
2023-04-29,Woods,Martin,Martin Woods,Referee
2023-04-29,Derrien,Mark,Mark Derrien,Assistant referee 1
2023-04-29,Cooper,Nicholas,Nicholas Cooper,Assistant referee 2
2023-04-29,Viccars,Gareth,Gareth Viccars,Fourth official
2023-05-08,Hicks,Craig,Craig Hicks,Referee
2023-05-08,Taylor,Grant,Grant Taylor,Assistant referee 1
2023-05-08,Bickerdike,Jonathon,Jonathon Bickerdike,Assistant referee 2
2023-05-08,Parsons,Thomas,Thomas Parsons,Fourth official
2023-08-05,Yates,Ollie,Ollie Yates,Referee
2023-08-05,Taylor,Grant,Grant Taylor,Assistant referee 1
2023-08-05,Bickle,Oliver,Oliver Bickle,Assistant referee 2
2023-08-05,Wade,Stephen,Stephen Wade,Fourth official
2023-08-08,Kirk,Thomas,Thomas Kirk,Referee
2023-08-08,Forder,Jack,Jack Forder,Assistant referee 1
2023-08-08,Jones,Mark,Mark Jones,Assistant referee 2
2023-08-08,O'Connor,Jamie,Jamie O'Connor,Fourth official
2023-08-12,Gill,Sunny Sukhvir,Sunny Sukhvir Gill,Referee
2023-08-12,Plane,Steven,Steven Plane,Assistant referee 1
2023-08-12,Hickman,Andrew,Andrew Hickman,Assistant referee 2
2023-08-12,O'Shea,Declan,Declan O'Shea,Fourth official
2023-08-15,Swabey,Lee,Lee Swabey,Referee
2023-08-15,Sowerby,Matthew,Matthew Sowerby,Assistant referee 1
2023-08-15,Hall,Bradley,Bradley Hall,Assistant referee 2
2023-08-15,Robinson,Daniel,Daniel Robinson,Fourth official
2023-08-19,Tallis,Scott,Scott Tallis,Referee
2023-08-19,Williams,Scott,Scott Williams,Assistant referee 1
2023-08-19,Farrell,Conor,Conor Farrell,Assistant referee 2
2023-08-19,Gray,Alex,Alex Gray,Fourth official
2023-08-26,Parsons,Thomas,Thomas Parsons,Referee
2023-08-26,Woodward,Richard,Richard Woodward,Assistant referee 1
2023-08-26,Aylott,Andrew,Andrew Aylott,Assistant referee 2
2023-08-26,Harty,Thomas,Thomas Harty,Fourth official
2023-08-29,Toner,Ben,Ben Toner,Referee
2023-08-29,Rushton,Steven,Steven Rushton,Assistant referee 1
2023-08-29,Jarvis,Daniel,Daniel Jarvis,Assistant referee 2
2023-08-29,Coy,Martin,Martin Coy,Fourth official
2023-09-02,Woods,Martin,Martin Woods,Referee
2023-09-02,Topp,Jake,Jake Topp,Assistant referee 1
2023-09-02,Robinson,Daniel,Daniel Robinson,Assistant referee 2
2023-09-02,Corlett,Matthew,Matthew Corlett,Fourth official
2023-09-05,Simpson,Scott,Scott Simpson,Referee
2023-09-05,Stonier,Paul,Paul Stonier,Assistant referee 1
2023-09-05,Ryder,Mark,Mark Ryder,Assistant referee 2
2023-09-05,Conley,Helen,Helen Conley,Fourth official
2023-09-09,Bourne,Declan,Declan Bourne,Referee
2023-09-09,Lehane,Jacob,Jacob Lehane,Assistant referee 1
2023-09-09,Wade,Christopher,Christopher Wade,Assistant referee 2
2023-09-09,Cresswell,Alan,Alan Cresswell,Fourth official
2023-09-16,Young,Alan,Alan Young,Referee
2023-09-16,Wilson,Marc,Marc Wilson,Assistant referee 1
2023-09-16,Evans,Paul,Paul Evans,Assistant referee 2
2023-09-16,Treleaven,Dean,Dean Treleaven,Fourth official
2023-09-23,Purkiss,Sam,Sam Purkiss,Referee
2023-09-23,Williams,Darren,Darren Williams,Assistant referee 1
2023-09-23,Maskell,Garry,Garry Maskell,Assistant referee 2
2023-09-23,Husband,Christopher,Christopher Husband,Fourth official
2023-09-30,Middleton,Daniel,Daniel Middleton,Referee
2023-09-30,Amphlett,Marvyn,Marvyn Amphlett,Assistant referee 1
2023-09-30,Hickman,Andrew,Andrew Hickman,Assistant referee 2
2023-09-30,Hallam,Farai,Farai Hallam,Fourth official
2023-10-03,Oldham,Scott,Scott Oldham,Referee
2023-10-03,Brown,Conor,Conor Brown,Assistant referee 1
2023-10-03,Gray,Alex,Alex Gray,Assistant referee 2
2023-10-03,Stonier,Paul,Paul Stonier,Fourth official
2023-10-07,Coy,Martin,Martin Coy,Referee
2023-10-07,Bickerdike,Jonathon,Jonathon Bickerdike,Assistant referee 1
2023-10-07,Williams,Ollie,Ollie Williams,Assistant referee 2
2023-10-07,Sowerby,Matthew,Matthew Sowerby,Fourth official
2023-10-10,Herczeg,Adam,Adam Herczeg,Referee
2023-10-10,Woodward,Richard,Richard Woodward,Assistant referee 1
2023-10-10,Ryder,Mark,Mark Ryder,Assistant referee 2
2023-10-10,Crusham,Michael,Michael Crusham,Fourth official
2023-10-14,Joyce,Ross,Ross Joyce,Referee
2023-10-14,Shaw,Simon,Simon Shaw,Assistant referee 1
2023-10-14,Plane,Steven,Steven Plane,Assistant referee 2
2023-10-14,Raper,Lewis,Lewis Raper,Fourth official
2023-10-20,Speedie,Ben,Ben Speedie,Referee
2023-10-20,Jones,Callum,Callum Jones,Assistant referee 1
2023-10-20,Ford,Declan,Declan Ford,Assistant referee 2
2023-10-20,Buckley,Karl,Karl Buckley,Fourth official
2023-10-24,Howard,Paul,Paul Howard,Referee
2023-10-24,Newhouse,Paul,Paul Newhouse,Assistant referee 1
2023-10-24,Raper,Lewis,Lewis Raper,Assistant referee 2
2023-10-24,Fyvie,Graeme,Graeme Fyvie,Fourth official
2023-10-28,Pollard,Christopher,Christopher Pollard,Referee
2023-10-28,Jarvis,Daniel,Daniel Jarvis,Assistant referee 1
2023-10-28,Wilding,Darren,Darren Wilding,Assistant referee 2
2023-10-28,O'Connor,Jamie,Jamie O'Connor,Fourth official
2023-11-04,Hair,Neil,Neil Hair,Referee
2023-11-04,Stokes,Joseph,Joseph Stokes,Assistant referee 1
2023-11-04,Williams,Scott,Scott Williams,Assistant referee 2
2023-11-04,Farmer,Aaron,Aaron Farmer,Fourth official
2023-11-11,Duckworth,Edward,Edward Duckworth,Referee
2023-11-11,Cheosiaua,Dumitru-Ravel,Dumitru-Ravel Cheosiaua,Assistant referee 1
2023-11-11,Rushton,Steven,Steven Rushton,Assistant referee 2
2023-11-11,Mcnamara,David,David Mcnamara,Fourth official
2023-11-14,Joyce,Ross,Ross Joyce,Referee
2023-11-14,Taylor,Grant,Grant Taylor,Assistant referee 1
2023-11-14,Ward,Christopher,Christopher Ward,Assistant referee 2
2023-11-14,Burgin,Melissa,Melissa Burgin,Fourth official
2023-11-18,Swabey,Lee,Lee Swabey,Referee
2023-11-18,Lister,Paul,Paul Lister,Assistant referee 1
2023-11-18,Kelly,Paul,Paul Kelly,Assistant referee 2
2023-11-18,Whitaker,Ryan,Ryan Whitaker,Fourth official
2023-11-25,Edwards,Marc,Marc Edwards,Referee
2023-11-25,Simpson,Joe,Joe Simpson,Assistant referee 1
2023-11-25,Bickerdike,Jonathon,Jonathon Bickerdike,Assistant referee 2
2023-11-25,Woodward,Richard,Richard Woodward,Fourth official
2023-11-28,Corlett,Matthew,Matthew Corlett,Referee
2023-11-28,Hall,Bradley,Bradley Hall,Assistant referee 1
2023-11-28,Robinson,Daniel,Daniel Robinson,Assistant referee 2
2023-11-28,Jackson,Aaron,Aaron Jackson,Fourth official
2023-12-09,Stockbridge,Seb,Seb Stockbridge,Referee
2023-12-09,Gray,Alex,Alex Gray,Assistant referee 1
2023-12-09,Freeman,Lee,Lee Freeman,Assistant referee 2
2023-12-09,Marsden,Paul,Paul Marsden,Fourth official
2023-12-16,Young,Alan,Alan Young,Referee
2023-12-16,O'Shea,Declan,Declan O'Shea,Assistant referee 1
2023-12-16,Shaw,Simon,Simon Shaw,Assistant referee 2
2023-12-16,Flynn,Daniel,Daniel Flynn,Fourth official
2023-12-23,Gill,Sunny Sukhvir,Sunny Sukhvir Gill,Referee
2023-12-23,Cheosiaua,Dumitru-Ravel,Dumitru-Ravel Cheosiaua,Assistant referee 1
2023-12-23,Guest,Daniel,Daniel Guest,Assistant referee 2
2023-12-23,Mcnamara,David,David Mcnamara,Fourth official
2023-12-26,Toner,Ben,Ben Toner,Referee
2023-12-26,Jones,Callum,Callum Jones,Assistant referee 1
2023-12-26,Clayton,Alan,Alan Clayton,Assistant referee 2
2023-12-26,Aspinall,Richard,Richard Aspinall,Fourth official
2023-12-29,Reeves,Tom,Tom Reeves,Referee
2023-12-29,Forder,Jack,Jack Forder,Assistant referee 1
2023-12-29,Brown,Conor,Conor Brown,Assistant referee 2
2023-12-29,Woodward,Daniel,Daniel Woodward,Fourth official
2024-01-01,Yates,Ollie,Ollie Yates,Referee
2024-01-01,Williams,Ollie,Ollie Williams,Assistant referee 1
2024-01-01,Simpson,Joe,Joe Simpson,Assistant referee 2
2024-01-01,Crusham,Michael,Michael Crusham,Fourth official
2024-01-06,Herczeg,Adam,Adam Herczeg,Referee
2024-01-06,Grunnill,Wayne,Wayne Grunnill,Assistant referee 1
2024-01-06,Pettitt,Joseph,Joseph Pettitt,Assistant referee 2
2024-01-06,Mulligan,John,John Mulligan,Fourth official
2024-01-13,Drysdale,Darren,Darren Drysdale,Referee
2024-01-13,Robinson,Daniel,Daniel Robinson,Assistant referee 1
2024-01-13,Taylor,Grant,Grant Taylor,Assistant referee 2
2024-01-13,Gray,Alex,Alex Gray,Fourth official
2024-01-27,Howard,Paul,Paul Howard,Referee
2024-01-27,Stankovic,Ivan,Ivan Stankovic,Assistant referee 1
2024-01-27,Ford,Declan,Declan Ford,Assistant referee 2
2024-01-27,Wade,Stephen,Stephen Wade,Fourth official
2024-02-03,Brook,Carl,Carl Brook,Referee
2024-02-03,Clayton,Alan,Alan Clayton,Assistant referee 1
2024-02-03,Gratton,Danny,Danny Gratton,Assistant referee 2
2024-02-03,Mulraine,Kevin,Kevin Mulraine,Fourth official
2024-02-10,Busby,John,John Busby,Referee
2024-02-10,Jarvis,Daniel,Daniel Jarvis,Assistant referee 1
2024-02-10,Edet,Emmanuel,Emmanuel Edet,Assistant referee 2
2024-02-10,Stockbridge,Seb,Seb Stockbridge,Fourth official
2024-02-13,Speedie,Ben,Ben Speedie,Referee
2024-02-13,Woodward,Daniel,Daniel Woodward,Assistant referee 1
2024-02-13,Simpson,Joe,Joe Simpson,Assistant referee 2
2024-02-13,Joyce,Ross,Ross Joyce,Fourth official
2024-02-17,Chilowicz,Alex,Alex Chilowicz,Referee
2024-02-17,Hall,Bradley,Bradley Hall,Assistant referee 1
2024-02-17,Williams,Ollie,Ollie Williams,Assistant referee 2
2024-02-17,Gray,Alex,Alex Gray,Fourth official
2024-02-24,Baines,Dale,Dale Baines,Referee
2024-02-24,Spender,Oliver,Oliver Spender,Assistant referee 1
2024-02-24,Cheosiaua,Dumitru-Ravel,Dumitru-Ravel Cheosiaua,Assistant referee 2
2024-02-24,Clench,Jack,Jack Clench,Fourth official
2024-02-27,Woods,Martin,Martin Woods,Referee
2024-02-27,Morris,Richard,Richard Morris,Assistant referee 1
2024-02-27,Amey,Justin,Justin Amey,Assistant referee 2
2024-02-27,Cresswell,Alan,Alan Cresswell,Fourth official
2024-03-02,Ricardo,Ruebyn,Ruebyn Ricardo,Referee
2024-03-02,Taylor,Grant,Grant Taylor,Assistant referee 1
2024-03-02,Sowerby,Matthew,Matthew Sowerby,Assistant referee 2
2024-03-02,Corlett,Matthew,Matthew Corlett,Fourth official
2024-03-09,Linington,James,James Linington,Referee
2024-03-09,Fox,Andrew,Andrew Fox,Assistant referee 1
2024-03-09,Fitch-Jackson,Carl,Carl Fitch-Jackson,Assistant referee 2
2024-03-09,Johnson,Paul,Paul Johnson,Fourth official
2024-03-12,Toner,Ben,Ben Toner,Referee
2024-03-12,Harty,Thomas,Thomas Harty,Assistant referee 1
2024-03-12,Smith,Daniel,Daniel Smith,Assistant referee 2
2024-03-12,Oldham,James,James Oldham,Fourth official
2024-03-16,Oldham,Scott,Scott Oldham,Referee
2024-03-16,Amphlett,Marvyn,Marvyn Amphlett,Assistant referee 1
2024-03-16,Buckley,Karl,Karl Buckley,Assistant referee 2
2024-03-16,Simpson,Joe,Joe Simpson,Fourth official
2024-03-23,Parkinson,Stephen,Stephen Parkinson,Referee
2024-03-23,Hughes,Kenwyn,Kenwyn Hughes,Assistant referee 1
2024-03-23,Stonier,Paul,Paul Stonier,Assistant referee 2
2024-03-23,Simpson,Scott,Scott Simpson,Fourth official
2024-03-29,Watkins,Richie,Richie Watkins,Referee
2024-03-29,Mulraine,Kevin,Kevin Mulraine,Assistant referee 1
2024-03-29,Clayton,Simon,Simon Clayton,Assistant referee 2
2024-03-29,Lehane,Jacob,Jacob Lehane,Fourth official
2024-04-01,Tallis,Scott,Scott Tallis,Referee
2024-04-01,Guest,Daniel,Daniel Guest,Assistant referee 1
2024-04-01,Forder,Jack,Jack Forder,Assistant referee 2
2024-04-01,Clayton,Alan,Alan Clayton,Fourth official
2024-04-06,Stockbridge,Seb,Seb Stockbridge,Referee
2024-04-06,Rushton,Steven,Steven Rushton,Assistant referee 1
2024-04-06,Morris,Richard,Richard Morris,Assistant referee 2
2024-04-06,Harty,Thomas,Thomas Harty,Fourth official
2024-04-13,Hicks,Craig,Craig Hicks,Referee
2024-04-13,Fudge,Samuel,Samuel Fudge,Assistant referee 1
2024-04-13,Staten,Thomas,Thomas Staten,Assistant referee 2
2024-04-13,Spender,Oliver,Oliver Spender,Fourth official
2024-04-20,Rock,David,David Rock,Referee
2024-04-20,Clayton,Alan,Alan Clayton,Assistant referee 1
2024-04-20,Brown,Conor,Conor Brown,Assistant referee 2
2024-04-20,Raper,Lewis,Lewis Raper,Fourth official
2024-04-27,Woods,Martin,Martin Woods,Referee
2024-04-27,Gray,Alex,Alex Gray,Assistant referee 1
2024-04-27,Stankovic,Ivan,Ivan Stankovic,Assistant referee 2
2024-04-27,Buckley,Karl,Karl Buckley,Fourth official
2024-08-10,Barlow,Michael,Michael Barlow,Referee
2024-08-10,Nelson,Alistair,Alistair Nelson,Assistant referee 1
2024-08-10,Edet,Emmanuel,Emmanuel Edet,Assistant referee 2
2024-08-10,Rushton,Steven,Steven Rushton,Fourth official
2024-08-13,Simpson,Scott,Scott Simpson,Referee
2024-08-13,Topp,Jake,Jake Topp,Assistant referee 1
2024-08-13,Chalkley,Scott,Scott Chalkley,Assistant referee 2
2024-08-13,Eley,Richard,Richard Eley,Fourth official
2024-08-17,Oldham,James,James Oldham,Referee
2024-08-17,Smith,Daniel,Daniel Smith,Assistant referee 1
2024-08-17,Moore,Anthony,Anthony Moore,Assistant referee 2
2024-08-17,Taylor,Grant,Grant Taylor,Fourth official
2024-08-20,Watkins,Richie,Richie Watkins,Referee
2024-08-20,Sowerby,Matthew,Matthew Sowerby,Assistant referee 1
2024-08-20,Graham,Jacob,Jacob Graham,Assistant referee 2
2024-08-20,Roberts,Jason,Jason Roberts,Fourth official
2024-08-24,Parsons,Thomas,Thomas Parsons,Referee
2024-08-24,Morris,Kevin,Kevin Morris,Assistant referee 1
2024-08-24,Nolan,Oliver,Oliver Nolan,Assistant referee 2
2024-08-24,Ricardo,Ruebyn,Ruebyn Ricardo,Fourth official
2024-08-27,Smith,Lewis,Lewis Smith,Referee
2024-08-27,Plane,Steven,Steven Plane,Assistant referee 1
2024-08-27,Williams,Ollie,Ollie Williams,Assistant referee 2
2024-08-27,Middleton,Daniel,Daniel Middleton,Fourth official
2024-08-31,Mather,Simon,Simon Mather,Referee
2024-08-31,Wyatt,Jonathan,Jonathan Wyatt,Assistant referee 1
2024-08-31,Stankovic,Ivan,Ivan Stankovic,Assistant referee 2
2024-08-31,Lawson,Steven,Steven Lawson,Fourth official
2024-09-14,Finnie,Will,Will Finnie,Referee
2024-09-14,Kelly,Paul,Paul Kelly,Assistant referee 1
2024-09-14,Whitaker,Ryan,Ryan Whitaker,Assistant referee 2
2024-09-14,Bennett,Andrew,Andrew Bennett,Fourth official
2024-09-21,Corlett,Matthew,Matthew Corlett,Referee
2024-09-21,Aylott,Andrew,Andrew Aylott,Assistant referee 1
2024-09-21,Cresswell,Alan,Alan Cresswell,Assistant referee 2
2024-09-21,Bennett,Andrew,Andrew Bennett,Fourth official
2024-09-27,Duckworth,Edward,Edward Duckworth,Referee
2024-09-27,Rushton,Steven,Steven Rushton,Assistant referee 1
2024-09-27,Durnall,Steve,Steve Durnall,Assistant referee 2
2024-09-27,Gray,Alex,Alex Gray,Fourth official
2024-10-01,Stockbridge,Seb,Seb Stockbridge,Referee
2024-10-01,Stonier,Paul,Paul Stonier,Assistant referee 1
2024-10-01,Bacon,Matthew,Matthew Bacon,Assistant referee 2
2024-10-01,McIlravey,Ryan,Ryan McIlravey,Fourth official
2024-10-05,Hicks,Craig,Craig Hicks,Referee
2024-10-05,Bandara,Damith,Damith Bandara,Assistant referee 1
2024-10-05,Crowhurst,Leigh,Leigh Crowhurst,Assistant referee 2
2024-10-05,Topp,Jake,Jake Topp,Fourth official
2024-10-08,Kennard-Kettle,Zac,Zac Kennard-Kettle,Referee
2024-10-08,Ellis,Andrew,Andrew Ellis,Assistant referee 1
2024-10-08,Graham,Jacob,Jacob Graham,Assistant referee 2
2024-10-08,Buckley,Karl,Karl Buckley,Fourth official
2024-10-12,Gill,Sunny Sukhvir,Sunny Sukhvir Gill,Referee
2024-10-12,Guest,Daniel,Daniel Guest,Assistant referee 1
2024-10-12,Wigglesworth,Richard,Richard Wigglesworth,Assistant referee 2
2024-10-12,Amphlett,Marvyn,Marvyn Amphlett,Fourth official
2024-10-19,Tallis,Scott,Scott Tallis,Referee
2024-10-19,Bartlett,Conall,Conall Bartlett,Assistant referee 1
2024-10-19,O'Shea,Declan,Declan O'Shea,Assistant referee 2
2024-10-19,Hantea,Laurentiu,Laurentiu Hantea,Fourth official
2024-10-22,Toner,Ben,Ben Toner,Referee
2024-10-22,Archibald,Matthew,Matthew Archibald,Assistant referee 1
2024-10-22,Tracey,Daniel,Daniel Tracey,Assistant referee 2
2024-10-22,Robinson,Daniel,Daniel Robinson,Fourth official
2024-10-26,Durkin,James,James Durkin,Referee
2024-10-26,Buckley,Karl,Karl Buckley,Assistant referee 1
2024-10-26,Pettitt,Joseph,Joseph Pettitt,Assistant referee 2
2024-10-26,Roberts,Jason,Jason Roberts,Fourth official
2024-11-02,Martin,Ross,Ross Martin,Referee
2024-11-02,Gray,Alex,Alex Gray,Assistant referee 1
2024-11-02,Wyatt,Jonathan,Jonathan Wyatt,Assistant referee 2
2024-11-02,Rogers,Darren,Darren Rogers,Fourth official
2024-11-09,Coy,Martin,Martin Coy,Referee
2024-11-09,Jarvis,Daniel,Daniel Jarvis,Assistant referee 1
2024-11-09,Buckley,Karl,Karl Buckley,Assistant referee 2
2024-11-09,Felton,Niall,Niall Felton,Fourth official
2024-11-12,O'Connor,Jamie,Jamie O'Connor,Referee
2024-11-12,Khan,Abbas,Abbas Khan,Assistant referee 1
2024-11-12,Sowerby,Matthew,Matthew Sowerby,Assistant referee 2
2024-11-12,Smith,Daniel,Daniel Smith,Fourth official
2024-11-22,Ricardo,Ruebyn,Ruebyn Ricardo,Referee
2024-11-22,Nelson,Alistair,Alistair Nelson,Assistant referee 1
2024-11-22,Carney,Emily,Emily Carney,Assistant referee 2
2024-11-22,Howard,Paul,Paul Howard,Fourth official
2024-11-26,Yates,Ollie,Ollie Yates,Referee
2024-11-26,Bickerdike,Jonathon,Jonathon Bickerdike,Assistant referee 1
2024-11-26,Hughes,Kenwyn,Kenwyn Hughes,Assistant referee 2
2024-11-26,Simpson,Joe,Joe Simpson,Fourth official
2024-12-03,Mackey,Oliver,Oliver Mackey,Referee
2024-12-03,Taylor,Grant,Grant Taylor,Assistant referee 1
2024-12-03,Stonier,Paul,Paul Stonier,Assistant referee 2
2024-12-03,Harty,Thomas,Thomas Harty,Fourth official
2024-12-07,Swabey,Lee,Lee Swabey,Referee
2024-12-07,Ellis,Andrew,Andrew Ellis,Assistant referee 1
2024-12-07,Felton,Niall,Niall Felton,Assistant referee 2
2024-12-07,Walker,Timothy,Timothy Walker,Fourth official
2024-12-10,Tallis,Scott,Scott Tallis,Referee
2024-12-10,Ford,Declan,Declan Ford,Assistant referee 1
2024-12-10,Brown,Conor,Conor Brown,Assistant referee 2
2024-12-10,Grunnill,Wayne,Wayne Grunnill,Fourth official
2024-12-14,Reeves,Tom,Tom Reeves,Referee
2024-12-14,Gray,Alex,Alex Gray,Assistant referee 1
2024-12-14,Topp,Jake,Jake Topp,Assistant referee 2
2024-12-14,Oldham,James,James Oldham,Fourth official
2024-12-21,Chilowicz,Alex,Alex Chilowicz,Referee
2024-12-21,Newhouse,Paul,Paul Newhouse,Assistant referee 1
2024-12-21,Graham,Jacob,Jacob Graham,Assistant referee 2
2024-12-21,Simpson,Jeremy,Jeremy Simpson,Fourth official
2024-12-29,Bannister,Aaron,Aaron Bannister,Referee
2024-12-29,Nelson,Alistair,Alistair Nelson,Assistant referee 1
2024-12-29,Robinson,Daniel,Daniel Robinson,Assistant referee 2
2024-12-29,Roberts,Jason,Jason Roberts,Fourth official
2025-01-01,Mulligan,John,John Mulligan,Referee
2025-01-01,Clayton,Simon,Simon Clayton,Assistant referee 1
2025-01-01,Nield,Jack,Jack Nield,Assistant referee 2
2025-01-01,Carney,Emily,Emily Carney,Fourth official
2025-01-04,Stockbridge,Seb,Seb Stockbridge,Referee
2025-01-04,Parker,Martin,Martin Parker,Assistant referee 1
2025-01-04,Smith,Daniel,Daniel Smith,Assistant referee 2
2025-01-04,Stonier,Paul,Paul Stonier,Fourth official
2025-01-11,Simpson,Jeremy,Jeremy Simpson,Referee
2025-01-11,O'Shea,Declan,Declan O'Shea,Assistant referee 1
2025-01-11,Williams,Ryan,Ryan Williams,Assistant referee 2
2025-01-11,Massey-Ellis,Robert,Robert Massey-Ellis,Fourth official
2025-01-18,Simpson,Scott,Scott Simpson,Referee
2025-01-18,Butler,Stuart,Stuart Butler,Assistant referee 1
2025-01-18,Bandara,Damith,Damith Bandara,Assistant referee 2
2025-01-18,Harrison,David,David Harrison,Fourth official
2025-01-25,Barlow,Michael,Michael Barlow,Referee
2025-01-25,Fyvie,Graeme,Graeme Fyvie,Assistant referee 1
2025-01-25,Sowerby,Matthew,Matthew Sowerby,Assistant referee 2
2025-01-25,Gray,Alex,Alex Gray,Fourth official
2025-01-28,Bell,James,James Bell,Referee
2025-01-28,Gilroy,Hugh,Hugh Gilroy,Assistant referee 1
2025-01-28,Russell,Mark,Mark Russell,Assistant referee 2
2025-01-28,Spender,Oliver,Oliver Spender,Fourth official
